{"cameraMode":{"drawMode":0,"name":"Shaded","section":"Shading Mode"},"sceneLighting":true,"audioPlay":false,"sceneViewState":{"m_AlwaysRefresh":false,"showFog":true,"showSkybox":true,"showFlares":true,"showImageEffects":true,"showParticleSystems":true,"showVisualEffectGraphs":true,"m_FxEnabled":true},"in2DMode":false,"pivot":{"x":-1.717522382736206,"y":-0.7255446910858154,"z":2.2135348320007326},"rotation":{"x":-0.08685651421546936,"y":0.9001484513282776,"z":-0.21058306097984315,"w":-0.3712728023529053},"size":18.508743286132814,"orthographic":false}